tap_count,mean_interval,std_interval,var_interval,frequency,first_half,second_half,label
64,157.90977073165755,15.178143690223079,230.37604588105867,6.332730364730504,31,33,0
63,159.05091127022,15.899885635582619,252.80636322460649,6.287295005188917,32,31,0
63,159.0675805675303,12.516528432749631,156.66348400782994,6.286636135610685,31,32,0
63,159.65771640568317,13.470348055019418,181.45027672336542,6.263399117265616,31,32,0
62,162.26197308511095,15.433144928572913,238.1819623863358,6.162873413818726,30,32,0
63,159.3546829937417,13.672483238368496,186.93679790346746,6.275309775736385,31,32,0
64,158.83045880257478,13.853552737522781,191.92092345132494,6.296021604036247,31,33,0
63,159.79933085862183,14.295228100990991,204.35354645936252,6.257848481760685,31,32,0
62,161.46585878148036,14.741309419560716,217.30620340322952,6.193259724046982,31,31,0
63,160.3788830690657,15.240701347313703,232.27897755800973,6.235234844286571,30,33,0
63,158.8545055785231,13.257788140558217,175.76894637992612,6.295068536823413,31,32,0
64,158.0954365833833,16.50897463301222,272.54624343344096,6.325293263430638,31,33,0
63,161.17305372225948,13.719075507430908,188.21303277859062,6.204511094784145,30,33,0
64,157.38823736586048,15.231998977757945,232.01379285841907,6.353714970931575,31,33,0
63,161.20951361935997,11.218407149225806,125.85265896580069,6.203107853554792,31,32,0
63,161.09085957415385,13.231804433962866,175.08064857863937,6.207676851706641,30,33,0
64,157.4753368202282,13.098384136340682,171.56766698314124,6.350200737411898,32,32,0
61,164.28797002281757,12.752053716172796,162.6148739801564,6.086872945481719,30,31,0
63,159.12411006155764,17.13637214180231,293.6552501823382,6.284402782288284,32,31,0
63,160.49249308612173,13.273367446429514,176.18228336793476,6.2308210232823225,31,32,0
64,156.58544624090334,13.975796916942054,195.322899463607,6.386289556320078,32,32,0
63,159.75776346603126,14.532514379163365,211.19397418058998,6.25947671214505,31,32,0
63,160.1486187520732,14.97274906998229,224.18321471265554,6.244199967457131,31,32,0
63,159.613054082871,14.939510097682842,223.18896195876758,6.265151717984173,31,32,0
62,163.0329128373406,16.088449208630884,258.8381979386957,6.13373080684456,30,32,0
63,158.9660632088157,14.394516088752768,207.20209342936226,6.290650845938188,31,32,0
63,159.68733060807065,14.757592734898747,217.78654332913626,6.262237562567532,31,32,0
62,163.47069041687618,17.113930591959893,292.88662030642064,6.117304560529116,30,32,0
62,161.70380643243695,13.734741788806785,188.64313200519538,6.18414632322103,30,32,0
63,159.12571655235436,15.574986443064732,242.58020270165022,6.284339336633796,31,32,0
63,160.47929376056726,14.036779230124424,197.0311711552524,6.231333504570286,30,33,0
63,161.32319208467902,15.888063525189327,252.4305625804515,6.19873675370307,30,33,0
64,156.21598584260238,13.355828525916921,178.37815561369615,6.401393523243928,31,33,0
63,160.30947535390263,14.395399483765397,207.22752629719304,6.237934456415497,30,33,0
63,159.65875880135272,17.37403137228436,301.8569661251212,6.2633582241748424,30,33,0
62,162.57201697234606,14.929238029006026,222.88214812671973,6.151120092027293,31,31,0
61,165.10491611138426,12.967806168981438,168.16399683627304,6.05675484142079,29,32,0
64,157.86409332590802,13.188394109592418,173.93373918993197,6.334562717409812,31,33,0
63,161.20938707658883,16.07178493127201,258.302270877062,6.2031127227405864,30,33,0
63,158.9916757985844,14.98307766763494,224.49261639438092,6.289637460434288,31,32,0
63,159.17587005093307,15.982294938420626,255.43375149866557,6.282359252567742,31,32,0
63,159.23226721985736,14.776145179129268,218.3344663547051,6.280134155342185,31,32,0
63,160.54957236595723,13.572224797462514,184.2052859528564,6.228605814785957,31,32,0
62,161.58359516715495,16.1454147543041,260.67441758850043,6.188747062878012,30,32,0
64,158.5702677585839,18.071938767821152,326.59497082787715,6.306352471589788,32,32,0
63,160.45682137392967,14.330220324487318,205.3552145483494,6.232206218703492,31,32,0
63,160.01572998439752,14.112364813935068,199.15884064159258,6.249385607886836,31,32,0
63,159.98116698766478,15.36161611884116,235.97924978264055,6.25073575114691,31,32,0
64,157.74433788522717,14.93948804113987,223.18830293136116,6.339371754361083,32,32,0
63,160.63787602929673,13.312190877328915,177.21442595443918,6.22518191050797,31,32,0
62,162.79067403695214,13.79675469544397,190.35044012625528,6.142858034809834,30,32,0
64,158.81850042922946,13.224141103613997,174.87790792829324,6.296495668309161,31,33,0
63,158.98184657860284,14.45068716612744,208.82235957328027,6.290026323889665,31,32,0
62,160.99121629628974,12.68858316183491,161.00014265480038,6.211519007096578,31,31,0
61,166.16370003055712,14.01994007336561,196.5587196607629,6.018161606994201,30,31,0
63,159.20063469518814,15.97359512073405,255.15574108113867,6.281381992695191,32,31,0
64,157.2097478120799,14.363106134917887,206.29881784291584,6.360928720497321,31,33,0
64,157.0392607120199,12.97646736736553,168.38870533630248,6.3678343585290405,32,32,0
63,159.13155073387318,14.736815091311698,217.17371903551222,6.284108936211964,30,33,0
64,157.4014422686883,15.110967498533954,228.3413387417495,6.353181937767599,31,33,0
63,160.52029542415326,13.895365817996852,193.08119121595533,6.229741836430307,30,33,0
63,159.77076258487457,12.081208554822101,145.95560014510673,6.258967434475208,31,32,0
63,160.27847363317855,16.674769962404444,278.0479532991055,6.239141023320766,31,32,0
62,163.94966772629434,15.63215325927783,244.36421552155048,6.099432916628104,31,31,0
65,155.63485049763383,12.670827343907362,160.5498655791105,6.42529611332266,32,33,0
62,162.7742945410735,12.754327384513884,162.67286703136077,6.143476172447278,30,32,0
62,162.60496851702763,15.828077559238128,250.52803922125761,6.149873580863442,30,32,0
63,160.43149776956844,13.962329748561663,194.94665200757,6.233189952738107,31,32,0
65,156.15919660567022,13.516864659212526,182.70563021546855,6.4037214697330835,32,33,0
63,160.05331871121982,15.954737683481326,254.55365454869906,6.247917931675475,30,33,0
62,162.82739702128674,15.600492795644096,243.37537546694335,6.141472616363621,30,32,0
63,159.9274515902215,16.64248209300805,276.9722102160935,6.25283520781834,31,32,0
62,161.8065455152987,13.763945645311557,189.44619972709094,6.180219698871519,30,32,0
63,159.38330124321254,14.090633280125232,198.54594623497277,6.274183005370431,31,32,0
63,159.58167227528378,16.11927683442161,259.8310856647211,6.266383762885792,31,32,0
64,158.44092178737313,15.560431839239113,242.12703902360633,6.311500770880358,31,33,0
64,158.9977356735754,16.049400076549684,257.58324281715306,6.2893977437075845,31,33,0
62,161.98229117962356,15.098970167980466,227.97890013356408,6.173514355906297,31,31,0
63,159.32093243034168,13.688649916556184,187.37913653803363,6.2766391380317845,31,32,0
64,158.32879292079565,15.431747734331958,238.13883813605955,6.3159705922867255,31,33,0
63,160.96515472289587,15.462479092869154,239.0882596974157,6.212524702762633,30,33,0
63,160.44525186101947,13.207977693775945,174.45067475928295,6.232655615550517,30,33,0
63,158.66662697756658,14.620141383578542,213.7485340758259,6.302522584925103,31,32,0
63,161.3285969022597,12.463251383110643,155.33263503860937,6.198529084126641,31,32,0
64,157.74989595685528,14.907302737394494,222.22767490432935,6.339148396481357,31,33,0
62,161.09391941224357,14.277260733033398,203.84017403901734,6.207558942314724,31,31,0
64,158.66047074542772,15.809952897827142,249.95461063151285,6.302767130979397,31,33,0
63,160.70381885465315,14.61518374677807,213.60359595208587,6.222627484070178,30,33,0
61,164.24382616528365,14.213702412750585,202.02933627823182,6.0885089159678305,30,31,0
64,157.3847667424645,12.591414629636851,158.5437223754329,6.353855082025462,31,33,0
64,157.40260446427015,13.933701384253583,194.1480342655502,6.353135028505812,32,32,0
64,158.26610261051758,14.251368160338014,203.1014944414961,6.318472392417054,32,32,0
63,161.0100120340845,12.805242293989238,163.97423020777074,6.210793896396382,31,32,0
63,160.92147412576716,14.706896379675204,216.2928011225036,6.214211033254992,30,33,0
62,163.68570528001473,14.894261916438285,221.8390380354639,6.109268969390545,30,32,0
64,157.7285776525531,16.258632406664475,264.3431277350403,6.340005184113275,32,32,0
63,160.86565003666772,14.056681029413081,197.59028156266157,6.216367507743636,31,32,0
64,157.50744346659818,15.600953123044668,243.38973834743717,6.3489062992255665,31,33,0
63,160.76328635956008,15.989864255601795,255.67575891257192,6.220325689059498,31,32,0
63,160.8442601013249,15.513295003628494,240.6623218696048,6.217194193750174,31,32,0
65,155.6769642691661,14.953088394554156,223.59485253535019,6.423557940601899,31,34,0
61,163.59656364626895,15.272963293973064,233.26340777904855,6.112597830368953,30,31,0
63,158.81565496056655,11.98543988291499,143.6507691869693,6.296608481376078,31,32,0
62,162.63749178392536,17.04298728167905,290.4634154834739,6.148643766153047,30,32,0
63,159.9425622174833,13.96022245554315,194.88781100825122,6.252244469112863,30,33,0
64,158.36001939275368,15.342960742897064,235.40644435808042,6.314725167593396,31,33,0
63,159.38550183517222,14.685591980745842,215.6666118249466,6.274096379444508,31,32,0
64,158.15495863946043,15.731069769712976,247.46655609957747,6.322912721817722,31,33,0
63,159.43763519634078,13.949146358789854,194.57868413894025,6.272044857969336,31,32,0
62,161.70918463928223,14.955034689802552,223.65306257319773,6.183940647716809,30,32,0
63,159.49985820662982,14.316770019295229,204.9699037853907,6.269598050077976,31,32,0
62,162.5436829588137,13.578134505735457,184.36573665584388,6.152192332527534,30,32,0
64,157.70554188196266,15.365188551735192,236.08901923037422,6.340931257498019,31,33,0
61,164.06559728144583,15.180117502509686,230.43596739000094,6.095123027434893,30,31,0
64,158.5795280349407,15.243519909534106,232.3648992323627,6.305984211150285,31,33,0
62,163.71753618886635,14.179516404811999,201.0586854743326,6.108081170036599,30,32,0
63,160.93407983475717,14.28092980018963,203.94495595794422,6.213724284047067,31,32,0
64,157.03242053017786,16.50483895821332,272.40970903655614,6.368111735294968,31,33,0
62,163.6120964501546,14.900729603682246,222.03174272205243,6.112017520077777,30,32,0
64,158.1561126931627,14.654854984301748,214.7647746109138,6.3228665839814315,31,33,0
64,157.46496607166685,17.26820435873313,298.19088177496985,6.350618965903,31,33,0
63,160.59344720572898,12.002662312689962,144.06390259246794,6.226904132140245,30,33,0
63,159.20292240974524,13.777496814742108,189.81941848022893,6.281291730476346,31,32,0
63,159.21411509987095,16.234405803227865,263.55593178387863,6.280850158120249,31,32,0
64,158.5648837527792,14.148040308738148,200.16704457767943,6.306566601209852,31,33,0
63,159.90281409168878,15.959863398230818,254.71723969018777,6.253798631877715,30,33,0
62,161.14049195221094,14.622316015210307,213.81212564867582,6.205764844608813,30,32,0
64,158.4061156074171,14.33289426351262,205.43185796903296,6.312887581173518,31,33,0
62,162.31846403109327,11.564567684642865,133.73922573268604,6.1607285774244565,30,32,0
63,160.94667665370875,13.794263956566356,190.28171810342567,6.2132379542796645,31,32,0
62,161.88005862475725,13.957352885737208,194.80769957699678,6.177413132262507,30,32,0
64,159.47217559692072,14.85895602017669,220.7885740095451,6.270686383106629,31,33,0
62,161.86834157755894,13.265683197373303,175.97835069307237,6.177860292223058,31,31,0
64,157.53192490454884,16.043711145803634,257.4006673299838,6.3479196398185085,31,33,0
64,157.48651263744458,14.19303954820442,201.44237161689472,6.34975010401136,31,33,0
64,156.42673056755032,18.64688929962971,347.70648055264496,6.392769294428016,31,33,0
64,157.75796344172733,15.655571444954845,245.09691726808552,6.33882422277453,31,33,0
64,157.44255126389973,15.351718069688253,235.67524769119282,6.35152309189804,31,33,0
62,162.1867640087549,10.929721815883427,119.45881897259814,6.165731255024113,30,32,0
63,160.10190142008418,15.465590195959171,239.18448010934844,6.246022009296098,30,33,0
64,156.34501672632544,13.72486600269533,188.37194679194212,6.396110480134156,32,32,0
64,157.32808584889509,14.942724732227362,223.28502242311927,6.356144197676469,32,32,0
64,158.37292089781081,14.102872308836075,198.89100735933536,6.314210752261392,31,33,0
63,160.97807292064982,15.829159691171078,250.56229652859528,6.212026158947284,31,32,0
63,158.91425980999458,14.201700912537953,201.68830880918134,6.292701493218088,30,33,0
64,158.57302438785996,15.733385060792779,247.53940547117742,6.306242842124654,30,34,0
64,157.93392703952497,14.319068926114113,205.03573491080678,6.331761761041611,32,32,0
64,158.3643200852636,15.485275568011998,239.7937594172693,6.314553678894327,32,32,0
64,157.93794746509914,14.2247704961938,202.3440956693856,6.3316005814307434,31,33,0
64,157.90449951551872,12.95750456589005,167.8969245750615,6.332941765866025,31,33,0
62,161.4302299315883,14.078130253266094,198.19375142792606,6.194626622434875,31,31,0
63,160.66439555431094,17.43687195571833,304.04450360011646,6.2241543719122285,31,32,0
63,160.41805901025236,16.109070886633734,259.5021648305905,6.2337121279848535,31,32,0
61,164.2936948970258,11.731325561742292,137.6239994355881,6.086660846155837,30,31,0
63,159.4118079451635,13.40214537704313,179.61750070739856,6.2730610291051505,31,32,0
63,159.59323897622164,14.330897452841818,205.3746218038681,6.265929599617898,31,32,0
63,160.37368179985074,14.237439367619297,202.70467974663575,6.235437066588133,30,33,0
63,158.90104543889336,14.286983127652473,204.11788688982645,6.293224800616921,30,33,0
64,158.11678523872942,12.782330170558165,163.38796458916153,6.324439233255156,31,33,0
63,161.1990086743453,16.16587206349255,261.33541957320887,6.203512094917426,30,33,0
63,159.46052944812524,15.831438399077443,250.63444178378379,6.271144360682147,31,32,0
63,160.25612535722743,14.58258956433323,212.65191840180043,6.240011093310143,31,32,0
61,164.75125521255225,14.0180633311783,196.50609955692568,6.069756486588582,29,32,0
63,159.89655173063954,15.347485876763558,235.54532273745687,6.254043562393966,30,33,0
62,162.07244762481864,13.712404221061657,188.03002952178954,6.170080199657989,31,31,0
64,158.509004240883,16.666413553057577,277.76934072154125,6.308789868368107,31,33,0
64,157.50534592335964,16.44923031236686,270.57717786928873,6.3489908494064,31,33,0
63,159.6553136081843,16.690508603960545,278.57307745888096,6.26349338083501,31,32,0
63,159.0354662616973,15.746793667723692,247.96151081386296,6.287905606881877,30,33,0
64,158.40391474370378,14.398295601150105,207.31091621809844,6.312975292422487,31,33,0
64,157.3773401518575,14.633149287827383,214.12905807984305,6.354154918586588,32,32,0
63,161.0792123727583,14.8955028519052,221.8760052111159,6.208125711999818,31,32,0
63,158.63771218342876,16.70985789644058,279.2193509192376,6.30367134167773,31,32,0
63,159.127895511982,13.946301532140232,194.499326425377,6.284253284331924,30,33,0
62,162.52192284164315,13.960129198765598,194.88520724622782,6.1530160517136645,30,32,0
63,159.73532792051068,13.630718987329947,185.79650011155715,6.2603558838132,31,32,0
63,159.506963202112,14.617955344548157,213.68461845520406,6.269318780352526,31,32,0
62,162.05099227976035,18.393051427043165,338.30434079785465,6.170897110420822,30,32,0
65,155.83623181996325,13.924630296491529,193.89532889396975,6.416992943947045,32,33,0
63,160.51182772405437,15.017443826728611,225.5236190889493,6.230070482526439,30,33,0
63,159.76935151231487,14.489865962058474,209.95621559842075,6.259022713270016,31,32,0
62,162.29135432652222,14.122203158923504,199.43662206190902,6.161757686660555,30,32,0
62,162.97064798071347,13.93892379885772,194.29359667036212,6.136074270983715,30,32,0
63,161.05695637986457,12.183441397720248,148.43624429168352,6.208983594855892,30,33,0
63,159.7160514646045,14.946202502068445,223.38896923283704,6.261111458929443,31,32,0
64,158.02569541580888,16.77906561621036,281.53704295309274,6.3280847925948125,32,32,0
64,156.78214069081815,13.040640648614609,170.05830852629967,6.378277497639528,31,33,0
64,158.52488481723688,16.08855623527407,258.8416417355761,6.3081578715726465,31,33,0
62,161.4869247625829,16.165831633174605,261.33411239214877,6.192451812864689,30,32,0
63,159.98057397161463,14.673364827461507,215.30763535978446,6.250758921376479,31,32,0
63,158.6132437467906,13.420327476026992,180.10518956380503,6.304643776130038,31,32,0
63,160.84999517729014,14.067491213829225,197.89430905116242,6.216972520874446,30,33,0
62,163.19028488066763,14.532673774093798,211.1986070242337,6.127815762631009,30,32,0
62,161.8018379473094,13.763682555840635,189.43895749795178,6.180399510206114,31,31,0
63,160.05952527269105,16.365100144787966,267.8165027489391,6.247675658767042,31,32,0
63,160.4940501043317,15.831660544028008,250.6414755813332,6.230760575547405,31,32,0
62,161.79205391505545,14.483185447059668,209.76266069392094,6.180773256794323,31,31,0
63,159.23273304644724,15.463948314283568,239.13369746683364,6.280115783155628,31,32,0
63,158.7662410105907,16.562113127403023,274.3035912448956,6.298568219759601,32,31,0
62,162.22186651739366,15.37147283455847,236.28217710356896,6.164397078323461,30,32,0
62,161.0456347221556,15.862166313646197,251.6083201617722,6.209420092169854,31,31,0
64,156.937409981584,13.438594729570026,180.59582830562726,6.371967016133031,31,33,0
63,160.87844494156246,14.380272841164809,206.79224698634218,6.215873110678316,31,32,0
63,161.14739052979382,13.076890805392845,171.0050731361679,6.205499181292138,31,32,0
63,159.65655998903233,13.232671101866012,175.10358449015988,6.263444484014283,30,33,0
63,160.3474830296106,13.734688033218468,188.64165536983458,6.236455858900728,31,32,0
64,158.5885473765243,14.183914984122067,201.1834442768025,6.305625573489735,31,33,0
64,158.08107380884022,13.695837158912688,187.57595548345358,6.325867960697506,31,33,0
63,159.62286749920082,16.11562070027394,259.7132305550979,6.264766544210883,31,32,0
63,159.34842054352066,15.653231644394728,245.02366091308048,6.275556397666858,31,32,0
63,159.49787865200622,15.51469999488401,240.70591593125388,6.269675863099146,31,32,0
63,160.83159063802384,15.413233060140305,237.56775336620208,6.217683951473522,31,32,0
63,160.5259536633063,16.04155135758605,257.33136995807087,6.229522249700762,30,33,0
63,160.74947977082542,13.092450494828425,171.41225995953306,6.220859945709703,30,33,0
63,159.3535114027535,17.25803566549731,297.83979503157724,6.275355912757884,31,32,0
64,156.964851427893,14.34347865382052,205.73537989260493,6.370853034313756,32,32,0
63,160.52333416483157,14.789160462592095,218.7192671882972,6.229623906099293,31,32,0
62,161.79377228267785,16.687271425649325,278.4650276332925,6.180707612483692,30,32,0
62,161.6770049644487,14.583054616411706,212.66548194524677,6.185171479518011,31,31,0
62,162.48045640268805,14.025898768842302,196.72583627381198,6.154586355429859,30,32,0
62,162.81348297783356,16.27910466722896,265.00924876659576,6.141997466734043,30,32,0
64,158.774681775914,13.329539424896037,177.67662127985776,6.298233375843549,32,32,0
62,163.35738984721442,14.619148787211147,213.71951126261717,6.121547368841313,29,33,0
64,158.19966405776194,16.049983898486698,257.6019831416823,6.321125938895038,31,33,0
63,159.9383026264535,15.777275052579977,248.92240808476254,6.252410983350038,31,32,0
63,160.58423912316763,15.533982598149901,241.30461535962394,6.227261189891761,31,32,0
64,158.31613857960284,15.166129645824297,230.01148843395063,6.316475433091685,31,33,0
63,158.86902841291752,14.366839894184926,206.40608854514352,6.294493080179817,31,32,0
64,156.60037773905808,13.17037864995729,173.45887378325077,6.3856806377970035,32,32,0
64,158.04964170226486,14.676028610491223,215.38581577595693,6.3271260170510715,31,33,0
63,160.10064744579893,13.272527868516649,176.1599960205511,6.246070930715903,31,32,0
63,159.94523040936994,13.543017249798647,183.41331622834372,6.252140169735363,31,32,0
63,159.79808304392617,14.699866805288076,216.08608409321027,6.257897347398808,31,32,0
63,159.3826139247125,14.618591195562196,213.70320854296855,6.27421006203581,31,32,0
65,154.61891005212658,14.571068947217631,212.31605026456992,6.467514223602214,32,33,0
64,157.8682416061919,15.185196254420275,230.5901852852595,6.33439626504827,31,33,0
63,159.8350371094855,13.918027418566842,193.7114872239784,6.256450513506681,30,33,0
64,158.678385319388,14.71518347306476,216.53662464595828,6.302055557139676,31,33,0
63,160.26739343177192,15.088890822622725,227.6746262570283,6.2395723708186095,31,32,0
64,158.40950116791842,13.7916881359782,190.21066164008184,6.31275266083928,31,33,0
63,159.17591615537862,14.552691567039584,211.78083184538502,6.282357432916271,31,32,0
62,161.78960091175412,12.086234673288928,146.07706857781153,6.180866967744336,31,31,0
62,162.5900202771404,14.735486762381674,217.13457012432556,6.150438989400855,30,32,0
62,162.0543901833394,14.108148134678135,199.03984379002213,6.170767721063621,31,31,0
62,162.8224517486538,11.822085117993486,139.76169653708305,6.141659146268616,30,32,0
64,157.93564567827028,15.74471483104935,247.89604511106538,6.331692859489705,31,33,0
62,161.5266484997319,14.752838567144469,217.64624578822526,6.190928922800375,30,32,0
63,159.9788565604667,18.210837485504527,331.6346019234568,6.2508260247630485,31,32,0
63,160.74174887460157,16.82983003510057,283.24317901037324,6.221159138812927,30,33,0
63,160.1317514810042,15.636811376572215,244.50987002649825,6.24485769218996,30,33,0
63,159.54938193519519,13.930599159763501,194.0615929500036,6.267651982545279,31,32,0
62,162.73428964407734,17.02448667055506,289.83314639590697,6.1449864204227636,30,32,0
64,158.97315265070492,14.973223326858028,224.1974167959654,6.290370313012509,31,33,0
63,159.69930864726734,15.147424622009117,229.44447267944804,6.261767871573759,30,33,0
63,160.55430173723616,13.04988969028535,170.29962092861584,6.228422341723389,31,32,0
62,162.16577313130526,12.387888381841515,153.459778560964,6.166529352592192,30,32,0
63,160.58353758940808,16.720976560656364,279.5910571420195,6.227288394635285,31,32,0
64,158.86433329513085,17.400115527045454,302.7640203545283,6.294679109263916,31,33,0
62,161.71705239284555,14.211229604679271,201.95904687691257,6.18363979063126,31,31,0
62,162.00256623097965,13.717038550336843,188.15714659142708,6.1727417241910985,31,31,0
63,159.19907040345234,13.018700349398282,169.48655878742292,6.281443713620543,31,32,0
62,161.45313682598265,15.094452958414157,227.84251011377793,6.193747731750914,31,31,0
64,157.7543049958584,13.57041079274606,184.15604908387874,6.338971225072137,31,33,0
63,160.48039512549954,14.084016995519086,198.35953473007046,6.231290739395151,31,32,0
63,160.94538671983486,13.538196916246504,183.28277574306634,6.213287751706401,31,32,0
63,160.25198913862747,11.833625537629857,140.0346933648455,6.240172152465083,31,32,0
63,158.6941624675379,15.676523962024673,245.75340353193374,6.301429015730542,31,32,0
63,159.15936068580132,17.3150804341964,299.81201044269096,6.283010912403159,31,32,0
63,160.76092030056628,12.331883660853494,152.07535462482537,6.220417239030184,31,32,0
65,156.16135829288606,15.631001737706521,244.3282153241843,6.403632825250311,31,34,0
63,160.82437816208184,15.718488655273056,247.07088560594778,6.2179627953678835,31,32,0
63,159.97816619804684,14.133951692624246,199.76859044943578,6.250852999290156,30,33,0
63,160.94819290122393,13.468051763801407,181.3884183124342,6.213179421117909,31,32,0
63,160.51441911684591,15.014596871266894,225.4381192066576,6.229969902405176,31,32,0
63,158.64713115204978,14.107389545698624,199.01843979408682,6.303297089195928,30,33,0
64,158.62052129538475,15.558444734565844,242.06520255853965,6.3043545175204025,31,33,0
63,159.7180739962955,15.81469333526215,250.1045252883851,6.261032173623594,31,32,0
62,162.66394464729385,13.006498832911488,169.16901189052788,6.147643856592263,30,32,0
63,160.4185378931264,14.729374808917948,216.95448226158663,6.233693519050879,31,32,0
64,156.98958439573036,13.685265438316986,187.2864901171934,6.369849336496473,31,33,0
64,156.65756016642314,14.222006053390416,202.26545618267366,6.383349765805511,32,32,0
64,157.29415688549972,14.21477580505978,202.0598511881129,6.357515242781315,31,33,0
62,161.31757492095528,14.557467312235548,211.9198545468065,6.198952597012411,31,31,0
64,157.68350453179437,13.742203973499894,188.8481700492763,6.341817446087811,32,32,0
62,162.6319825874934,15.90981252984773,253.12213473489984,6.1488520528981185,30,32,0
63,160.70344260840636,11.922251602551848,142.1400832745501,6.2226420527701265,31,32,0
63,159.75909585798846,14.629078194294447,214.00992881478126,6.259424508066261,31,32,0
61,164.43244158967244,13.347690969701395,178.16085422264817,6.081524973614497,30,31,0
63,159.58604303284173,14.064157653259858,197.80053049574786,6.26621213857785,31,32,0
63,160.2685844448299,14.96764256586081,224.03032397936838,6.239526002329141,31,32,0
64,156.56191830203528,16.493757845131974,272.0440478538525,6.387249280318764,32,32,0
63,160.01194120644496,14.72796902475524,216.9130715941498,6.249533581433246,30,33,0
63,158.80857759643087,14.145357951030007,200.09115156276786,6.29688909210704,31,32,0
63,159.13996507035557,15.48666581843732,239.8368181719549,6.283776671421923,31,32,0
64,158.29762798995068,15.753480138792474,248.17213648332893,6.317214052401869,32,32,0
63,158.81537050894258,16.001795377518548,256.057455303974,6.296619759128994,31,32,0
63,160.41507357859464,16.08160725666867,258.6180919577384,6.2338281415309424,30,33,0
62,162.92457251284145,14.122261051312615,199.43825720142127,6.137809567805873,30,32,0
63,160.25582208742108,14.014786442345331,196.4142390245465,6.240022901972887,30,33,0
63,159.37025400324762,15.037778679182278,226.1347876040691,6.274696656878153,32,31,0
64,158.4116616081172,14.13482878190705,199.79338469382796,6.312666566643467,31,33,0
64,158.42768074921963,14.053100489377352,197.48963336453795,6.312028272274797,31,33,0
62,161.68518421460976,15.045755532777465,226.3747595521037,6.184858587121186,30,32,0
64,158.12633536347047,13.811003646579927,190.74382172584404,6.324057265359321,31,33,0
62,161.44129629129563,14.894571856471831,221.84827078760276,6.194201997707303,30,32,0
63,159.6587333292373,17.64964383849166,311.50992762560657,6.263359223437334,31,32,0
62,163.08479738368385,11.73560578111264,137.72444304968445,6.131779393558894,30,32,0
63,158.85032252876834,14.58891628143828,212.8364782668149,6.295234306615251,31,32,0
63,161.07411510078532,14.784923601000825,218.59396588743118,6.2083221712830285,31,32,0
64,158.40683260799497,13.126711804165168,172.31056278960915,6.3128590070017525,31,33,0
63,160.634140022705,14.441346838128615,208.55249849912735,6.225326694927081,30,33,0
65,155.7159611034716,13.268463643303576,176.05212745366882,6.421949252430909,31,34,0
63,161.28317671065045,14.882716927328,221.4952631389754,6.200274699412987,31,32,0
63,159.4373031747769,14.240675870332336,202.7968492438656,6.272057919242331,31,32,0
62,161.88250927750408,15.062897947662774,226.8908945817034,6.1773196157082575,31,31,0
62,163.3978147345536,12.486631625104906,155.91596934107,6.12003288798287,30,32,0
63,161.32074448595833,15.10285395738509,228.09619765810245,6.198830802488901,31,32,0
62,163.09902618610246,16.37248876003847,268.058388197586,6.131244455493929,30,32,0
63,160.26159470438532,14.315744803293432,204.9405492730229,6.239798136569001,31,32,0
63,160.72270177636707,13.851092900916075,191.8527745498077,6.221896402609141,31,32,0
62,162.408733673782,14.266488657831223,203.53269862402692,6.157304335668447,30,32,0
62,162.33424903761545,16.468237883486196,271.20285898708994,6.160129522441589,31,31,0
62,163.7062700934784,13.863756143717632,192.20373441246838,6.10850152183534,30,32,0
64,157.2028352275617,16.00737892768819,256.2361801345959,6.361208425741384,31,33,0
62,162.81828682058145,17.669101302938785,312.197140853513,6.141816251278677,30,32,0
63,159.3481385333528,16.072122849326295,258.3131328838364,6.275567503982434,31,32,0
63,158.92683361805223,14.00618425464696,196.17319737512042,6.29220363380103,30,33,0
63,159.9897129723573,15.454173100469434,238.83146621927307,6.250401862854632,30,33,0
64,158.10978228089073,13.545136145551494,183.47071320152557,6.324719353692139,31,33,0
62,161.69125930319277,13.967498225146768,195.09100666947813,6.184626208673817,30,32,0
63,158.89012105601967,16.46567051071746,271.1183053675105,6.293657487034272,30,33,0
62,162.4058200678902,14.140210604236517,199.94555593216282,6.157414799432507,31,31,0
64,158.16842630706736,15.760005825151756,248.37778360881728,6.322374340746143,31,33,0
63,160.88776048870244,15.252387998718863,232.63533966346318,6.215513205991951,31,32,0
62,160.79727118022797,15.65031267848977,244.93228693449768,6.219011010946574,30,32,0
63,161.1705658181373,16.847206628497112,283.828371183277,6.20460687051497,31,32,0
62,161.53944804626227,16.407918107074313,269.2197766084571,6.190438385759597,31,31,0
64,157.02490775007408,17.522791702116677,307.04822903576905,6.368416414494141,32,32,0
63,159.16243092312305,14.324275435276236,205.1848667456582,6.282889713358357,31,32,0
63,161.30180422811526,15.355745530451609,235.79892079598454,6.199558676887371,31,32,0
64,158.47796099974084,15.109339797744182,228.29214912369622,6.310025657142543,32,32,0
62,161.3800805546551,15.591131993429785,243.0833968365498,6.196551622499202,31,31,0
62,163.51312738557107,13.159988479271485,173.18529677455822,6.1157169212595175,30,32,0
63,158.64599472011798,13.21840031240614,174.72610681901875,6.303342241726255,32,31,0
63,158.7981501864515,15.234201708499867,232.08090169526028,6.297302574531621,31,32,0
63,159.96940516866448,12.657640961057206,160.2158746990332,6.251195339169046,31,32,0
65,156.14975510758438,14.294941976360501,204.34536610751348,6.404108666779643,31,34,0
65,156.5413524589693,15.17717045410513,230.34650299296172,6.3880884142872585,32,33,0
62,161.45601723872758,14.208405866585192,201.8787972696125,6.193637233856747,30,32,0
63,159.9173843734635,17.194041850890546,295.6350751701756,6.253228840115639,30,33,0
63,158.97397321720536,13.059162225068379,170.5417180206529,6.290337844382268,31,32,0
62,161.24472394397463,14.179772836856685,201.06595770485868,6.201753307273828,31,31,0
61,165.0518376324147,12.978832183910992,168.45008485812377,6.058702613339514,30,31,0
64,158.44124774547547,12.925475558934895,167.06791842462334,6.31148778635238,31,33,0
62,161.42895263703858,14.225007895595844,202.35084962976413,6.194675636956081,31,31,0
62,162.85915642140642,13.842651130590452,191.6189903232371,6.140274958888088,30,32,0
63,161.30348867365208,14.043531699662207,197.22078259941728,6.199493936694648,30,33,0
62,161.85818984300647,16.08817001958938,258.8292145792146,6.178247767196364,31,31,0
64,157.86235599644385,14.076100091710282,198.1365937918462,6.334632431448869,31,33,0
63,161.42877260786503,14.305733804560113,204.65401968693394,6.194682545404416,30,33,0
65,156.33104342837427,16.38396577312453,268.4343344549161,6.396682182052773,32,33,0
63,159.34225527017003,13.032145128500053,169.83680665028768,6.275799211605654,31,32,0
65,155.4559522757459,13.37240166497098,178.8211262893186,6.432690323920258,32,33,0
63,159.5900011424425,15.951883646769906,254.46259188008514,6.266056725618086,30,33,0
62,162.07246774815644,15.303286251850974,234.19057010609103,6.170079433564834,31,31,0
63,160.54637453507831,15.498966796996472,240.21797177439908,6.228729878802132,30,33,0
64,158.88431241530668,16.00001204878066,256.0003855611263,6.293887576427976,31,33,0
62,163.1953204421906,15.941958392379027,254.14603738434405,6.1276266824956815,30,32,0
64,157.6874807378961,14.994017012457933,224.82054616987793,6.341657532484606,31,33,0
62,162.13475368482605,15.017624594121417,225.52904844996044,6.167709126347465,31,31,0
63,160.145584438451,13.627477950345995,185.70815528716625,6.244318277687709,31,32,0
62,161.92933567207905,15.660423128307604,245.24885255763172,6.175533271037971,30,32,0
62,161.95122138724227,17.682294948906378,312.66355466012004,6.1746987236909785,30,32,0
63,159.1334631297052,16.334858061183564,266.8275878790136,6.284033416560087,31,32,0
64,156.81014418466268,14.98728920836054,224.6188378150403,6.377138451083755,32,32,0
62,161.73726097050329,14.19930163452633,201.6201669082621,6.182867163691948,30,32,0
62,161.8625846728516,13.876273131264632,192.55095601345678,6.178080017819739,30,32,0
63,160.46730434180859,12.470397929260512,155.51082451410488,6.231799082696108,30,33,0
64,158.59983778577617,14.49521534569273,210.111267918006,6.305176688457394,31,33,0
63,158.9255080557194,16.34694419206555,267.2225844185056,6.292256115672754,31,32,0
63,161.40161642802826,15.966688888177782,254.93515405185985,6.195724814478033,31,32,0
64,157.58165540001718,14.965190316313215,223.95692120347485,6.345916328023871,31,33,0
63,159.720589954386,13.876876018561846,192.56768803453687,6.260933548301982,31,32,0
63,158.55172039465046,13.93663165189542,194.22970180061327,6.307090188052857,30,33,0
63,160.6896882502173,17.195468774098956,295.6841463610122,6.223174684631002,31,32,0
62,163.1233751444809,14.602332154366547,213.22810434644714,6.13032926221815,30,32,0
63,160.76674051810178,13.020800836707808,169.54125442921074,6.2201920420685735,30,33,0
62,161.13613995853598,13.367399941959338,178.6873812082945,6.205932451015166,30,32,0
64,157.36924780441765,13.005532845014168,169.1438845827423,6.354481666219975,31,33,0
63,159.7943057619905,14.38474053710251,206.92076031976023,6.2580452740880155,31,32,0
64,157.97516599720794,13.651417711656473,186.36120553812805,6.330108873047008,31,33,0
63,158.74364696801362,14.163592719380336,200.6073587204837,6.299464697327365,30,33,0
64,159.28066715529854,14.194908030189836,201.4954139855479,6.278225837822494,32,32,0
63,159.75825081930844,14.17082470446507,200.81227280467758,6.259457617190809,31,32,0
63,160.49599766269165,19.624924683756376,385.13766884311025,6.23068496761933,31,32,0
62,162.65784501296665,11.833181260540295,140.024178744802,6.147874391919324,30,32,0
64,158.6428278619392,14.992315926229642,224.76953683187895,6.303468070238019,31,33,0
64,157.74475850780303,14.771238703020288,218.1894928216045,6.339354850579925,31,33,0
63,159.0015517728046,12.834091998818282,164.71391743413145,6.289246795709818,31,32,0
64,157.0365745131065,13.803132339943758,190.52646239400124,6.367943283916566,32,32,0
63,160.9045697692157,12.684063498383248,160.88546683101825,6.214863887547091,31,32,0
62,163.6092385307006,15.897207958165227,252.72122086515182,6.112124284548602,30,32,0
64,158.04811791306162,14.744255137156667,217.39305954957075,6.327187018766496,31,33,0
64,159.23663965981626,13.822636711664643,191.06528566265914,6.279961710673755,31,33,0
63,159.93721108692517,14.394122170552228,207.19075306078315,6.252453654806475,31,32,0
63,159.7119985208557,13.709936589266652,187.96236128171253,6.26127034450337,31,32,0
63,159.77911815933004,14.63047037569818,214.05066341418205,6.258640124692707,31,32,0
63,159.5984248340344,14.98591742244272,224.57772099227222,6.265725999739001,31,32,0
63,160.63488764970975,14.989947323737564,224.69852076842693,6.225297721007289,31,32,0
63,159.50006979655603,15.160410164249152,229.838036348269,6.269589732941874,31,32,0
64,158.3658723909623,15.250951737724058,232.59152890638848,6.314491783502899,31,33,0
61,166.40490097844793,13.656605794744124,186.5028818330388,6.009438388653685,29,32,0
62,161.71423334379875,14.730760047805617,216.99529158602616,6.183747585619352,30,32,0
63,160.59971415318688,16.068507463855372,258.1969321159758,6.226661144901897,31,32,0
63,160.45032113883752,14.697003760326094,216.00191953103933,6.232458700626101,31,32,0
63,159.22601549432883,14.597809586925845,213.0960447361441,6.28038073360956,31,32,0
62,162.3094671823829,13.894433874604015,193.05529269574353,6.161070067935879,30,32,0
62,161.80107939667545,14.734514434343305,217.1059156158712,6.180428484956987,30,32,0
64,158.073005216222,13.711447131477504,188.00378243930268,6.32619085486569,31,33,0
63,161.20020390659027,14.914448425679229,222.44077184224562,6.203466098463895,30,33,0
63,159.10487434055818,13.234027975754028,175.13949646304025,6.285162564281572,31,32,0
63,159.7741938870737,15.867608277487875,251.78099244780174,6.258833017219207,31,32,0
62,161.4680694261855,13.10727600875727,171.8006843697439,6.193174932689376,30,32,0
63,159.5724319799874,15.925413035652548,253.6187803561321,6.266746627797299,31,32,0
64,156.5001311614448,14.833316060760692,220.02726535842112,6.3897710026096055,31,33,0
63,159.51285552420498,15.508769665882609,240.52193654940055,6.269087194970671,31,32,0
64,158.86626702415012,14.826333049162306,219.82015168468246,6.294602490080443,32,32,0
63,159.9663877463024,16.366760639304477,267.87085382428626,6.251313254544094,31,32,0
64,158.2850928659789,17.137715743765323,293.7013009141018,6.317714333634103,32,32,0
62,162.6193018193806,11.991315721569173,143.79165273435203,6.149331529603346,31,31,0
63,159.77443331732061,14.581910873841986,212.63212473267117,6.258823638034417,31,32,0
63,160.11104684290547,13.868786213289937,192.34323102994102,6.245665241206997,31,32,0
63,159.35351335113913,13.560113755125478,183.87668505194318,6.27535583603028,31,32,0
62,161.7645638618463,15.48919452975994,239.91514718074527,6.181823609119002,30,32,0
64,158.5369001508507,15.108884721881118,228.27839753909265,6.307679783372087,32,32,0
61,164.1940845058495,16.723405855523612,279.6723034085614,6.090353394944472,30,31,0
63,160.7797048126899,13.334318749450018,177.8040565119343,6.219690483727475,31,32,0
63,160.8556986081763,15.109808811904083,228.3063223322943,6.2167520868245445,30,33,0
63,159.13782265439798,14.236443439479771,202.6763218055066,6.283861267674342,31,32,0
64,157.28810333701952,15.518979395430383,240.83872147579277,6.357759924520869,32,32,0
63,159.61701861427514,16.703963596917987,279.0223998471613,6.2649961055629335,30,33,0
62,161.85550832672973,17.0531390238369,290.80955056630887,6.1783501243674035,30,32,0
62,162.25151741887805,14.996165270775402,224.88497282841027,6.163270556159676,31,31,0
63,159.06308917939404,15.893379544973193,252.5995133605723,6.286813648339138,31,32,0
63,160.9262665805173,14.062187483204067,197.74511681278113,6.2140259713268335,31,32,0
63,159.77902318546168,16.666858581464165,277.7841749745257,6.258643844876066,31,32,0
63,160.06767608613606,13.53950797186702,183.31827612025057,6.247357520589461,31,32,0
64,157.70897218556016,15.564328031960198,242.24830708646198,6.340793336877508,31,33,0
62,162.94709780216488,12.461111573964159,155.2793016587835,6.136961096503274,30,32,0
62,163.54476278982682,14.747934388115628,217.50156871616346,6.114533922954849,30,32,0
64,157.4485182022162,15.838032159235363,250.84326267697358,6.351282383716484,31,33,0
62,162.18311267783434,13.951694004760316,194.64976560246495,6.165870068028794,30,32,0
63,161.11706743851596,14.640215488136516,214.3359095390723,6.206667089330005,30,33,0
63,160.10713014493086,15.427556523044421,238.00950027173047,6.245818028808512,31,32,0
64,156.1220176261222,14.23712184865424,202.69563853342794,6.4052464553384105,31,33,0
64,158.6711713754853,15.273922029204982,233.29269415423323,6.302342078470973,31,33,0
63,161.04182440340574,15.624350746674335,244.12033625510284,6.209567009716836,31,32,0
63,159.35645450784807,17.55057721788279,308.0227606808664,6.275240015149506,31,32,0
63,160.69822676830276,16.873871731562474,284.7275472132232,6.2228440232997455,30,33,0
62,161.59560571894707,16.055799351207916,257.7886928062486,6.188287085845863,30,32,0
62,162.24360848176815,17.28412693037463,298.74104374530145,6.163570998930126,31,31,0
63,161.61779588772552,14.353033121631599,206.00955979065373,6.187437432290509,31,32,0
63,158.57662710042507,16.75306624465799,280.665228597899,6.306099570188925,30,33,0
62,163.39348814307954,14.491945516421678,210.01648485093438,6.120194943903305,30,32,0
61,165.98123890142435,13.892426636797316,192.99951785879557,6.024777297836031,30,31,0
63,160.51992060056833,12.317080227802078,151.7104653381129,6.229756383248918,31,32,0
64,158.2305890802991,15.887190708879418,252.4028286203045,6.319890520615571,31,33,0
63,159.1663197395041,14.644110639392233,214.44997641876077,6.282736207236725,30,33,0
62,161.58337157219182,13.741818694124232,188.8375810221822,6.188755626708918,31,31,0
63,159.12855898860957,17.000878755246955,289.02987845060727,6.284227082528788,31,32,0
63,160.16220194786627,14.647377697086899,214.54567340111873,6.243670403117371,31,32,0
64,156.35800442602738,13.364943627946568,178.62171817818955,6.39557919449591,32,32,0
63,158.90614564515704,17.404915960089795,302.9310995777884,6.293022815071199,31,32,0
62,162.26651011975238,15.69526633595437,246.3413853565425,6.1627010974846375,30,32,0
63,160.71614418539698,17.49583679074223,306.10430500828943,6.22215027039494,30,33,0
64,157.31982784043373,12.686295850029401,160.94210239447318,6.356477843430387,31,33,0
63,158.99732332165232,15.298871847839441,234.0554798166142,6.28941405495862,31,32,0
62,161.25134207471402,16.02826654405246,256.90532840719135,6.201498772870127,30,32,0
63,161.16930487305206,13.578853387155494,184.38525930986424,6.204655413682327,31,32,0
63,160.7172295660235,13.634198332254872,185.89136416326153,6.22210825000063,30,33,0
63,159.68987215597738,14.178393623519643,201.02684574346247,6.262137895778689,31,32,0
64,158.86485752490842,11.862759820501292,140.72507055889986,6.294658337783798,31,33,0
62,161.75824630201836,13.91226461370679,193.55110668179816,6.1820650437375715,31,31,0
62,161.52949049888304,12.471033119607451,155.52666707034595,6.19081999770757,30,32,0
62,162.3247498961121,15.330825586367235,235.03421315961228,6.160490009317743,30,32,0
63,160.53854814846588,14.061672661205066,197.73063803088195,6.229033534520326,31,32,0
63,160.99118520918194,12.697218417747367,161.21935554798293,6.211520206529706,31,32,0
63,158.81969601944144,15.875649733158433,252.0362544499334,6.296448268466576,31,32,0
63,161.3290853925193,16.44737572187994,270.5161681366857,6.198510315526584,30,33,0
62,163.6495158982768,15.733218666621205,247.53416961171794,6.110619970434815,29,33,0
62,162.8434408776811,13.680466929994342,187.1551754226688,6.140867538847599,30,32,0
63,159.19069612254037,14.963434571212101,223.90437416694547,6.281774151111375,31,32,0
64,157.9698462538027,14.455667999628306,208.9663373154778,6.330322043824409,32,32,0
64,156.69051225000723,15.59178943872846,243.10389790164436,6.382007344544589,31,33,0
62,162.76116341994836,13.30972407733263,177.14875501472793,6.143971811136844,30,32,0
63,160.6373776703819,13.713726647283904,188.0662985564246,6.225201223416003,30,33,0
65,155.53902062404174,14.066868820863302,197.87679842337613,6.429254832567909,32,33,0
63,161.1895763130868,14.354810609855107,206.06058764480878,6.2038751070208695,30,33,0
63,159.67369021728783,18.570706516976163,344.8711405396609,6.26277252463556,32,31,0
65,155.9136359411582,16.603597570128134,275.6794522707649,6.413807195012757,32,33,0
36,281.8732206149372,46.51670334360044,2163.8036899565286,3.547694235792924,18,18,1
35,288.72034253053613,54.02776811678978,2918.9997276816066,3.463559204853175,17,18,1
36,278.7305231760316,51.17471575509451,2618.8515326147185,3.587694625638299,17,19,1
36,284.20841895150363,62.70894281132747,3932.411508514339,3.5185446078240092,17,19,1
36,276.35187174019666,55.37071158334236,3065.9157012456844,3.6185750930614935,18,18,1
36,278.1599705650814,57.52680413677131,3309.333194190449,3.5950535872163853,16,20,1
38,268.89249686893504,71.7540363333464,5148.641730127197,3.7189583630792984,18,20,1
35,289.11437943912733,62.00736604177689,3844.9134434389057,3.458838685021368,16,19,1
36,279.1111167716163,71.6837196784771,5138.555666942486,3.582802475109774,18,18,1
36,280.7464334536055,52.25920956055137,2731.0249838936234,3.561933050042661,18,18,1
37,280.84335278798443,45.22487462128898,2045.2892845113083,3.5607038232267674,18,19,1
36,287.14129859523996,57.30867397267848,3284.2841125067553,3.4826059674878733,17,19,1
38,269.83978990647495,61.87479760801215,3828.4905790324665,3.7059026778318898,18,20,1
37,273.345661164943,53.42283558759674,2853.9993622193924,3.6583715861382458,17,20,1
36,280.5822093997036,46.62936418983294,2174.2976047480747,3.5640178404021667,19,17,1
35,284.92934323204156,52.312979509692255,2736.6478251814815,3.5096420349574777,17,18,1
37,278.8565331461237,59.78599510448772,3574.365210633829,3.586073414589823,17,20,1
36,283.05002525781185,68.87597390575992,4743.899781466921,3.532944394154938,17,19,1
35,289.15756729337744,57.729839058192795,3332.7343176848426,3.4583220814878635,16,19,1
35,290.2072047652512,60.734130206964586,3688.634571996528,3.445813830876117,17,18,1
37,269.45933834644416,44.03056530218289,1938.6906808297924,3.711135068231701,17,20,1
37,269.380779380001,56.06177825114052,3142.922980680052,3.7122173389711435,19,18,1
36,286.73582066677477,45.042315217604724,2028.8101601620663,3.48753077894001,17,19,1
35,285.77050486788085,56.245906642090105,3163.602013990716,3.4993114508522356,18,17,1
36,280.8353240775914,54.3645190639267,2955.5009330520497,3.5608056190385513,17,19,1
37,277.44103224851676,70.26886085351676,4937.712805650899,3.604369519156971,18,19,1
36,283.1324766648839,41.87542423585165,1753.5511549325518,3.531915560444879,17,19,1
36,277.4150960449331,55.892234899180075,3123.9419220251234,3.604706500319757,18,18,1
37,271.6285406242081,56.80025016475462,3226.268418778707,3.681498261198838,17,20,1
37,267.0968791664971,49.679223124382354,2468.0252102421664,3.7439598812258734,17,20,1
37,273.04708517998114,58.78290023748968,3455.4293603306637,3.66237200203343,17,20,1
35,291.6471662363543,53.43906673327963,2855.7338533239135,3.428800673446586,17,18,1
37,277.9683133516572,65.52232874048981,4293.175563576817,3.597532351591823,18,19,1
36,280.0055523515323,54.03973434815506,2920.2928884191697,3.5713577520225472,18,18,1
35,287.27148592924937,50.06553386634995,2506.557681322634,3.481027700209289,17,18,1
40,250.06498570693648,52.56475397559675,2763.0533605150144,3.9989604988998715,20,20,1
39,259.9444033448625,68.84672768075137,4739.871912347538,3.8469764577824823,18,21,1
35,289.92628281044995,53.03644555450081,2812.8645570555286,3.4491526270275643,17,18,1
35,288.18200942921555,56.65384855297792,3209.658555863758,3.4700292429101967,16,19,1
37,275.0064027539244,54.370560671179504,2956.157867698412,3.6362789738201093,18,19,1
35,283.1668868430116,64.60252366531304,4173.486063927332,3.531486365333396,17,18,1
36,282.70235670909307,67.1004905703241,4502.4758347781535,3.5372892240478278,18,18,1
38,267.42211480506614,57.0885298882887,3259.1002448060317,3.7394065211433127,18,20,1
36,286.2370751605147,55.971277847272695,3132.7839438565993,3.4936075259965005,16,20,1
36,282.65739041442424,60.17842063196392,3621.4423097575805,3.5378519504967776,17,19,1
37,272.6535765625308,48.49301712906678,2351.572710279964,3.6676577384660067,18,19,1
37,274.87715077296565,63.87833090316873,4080.441158974721,3.637988814959554,17,20,1
37,275.16836030430704,62.39525617848217,3893.1679935784173,3.63413874652633,17,20,1
36,278.11803323817344,44.443363575494224,1975.2125659035669,3.5955956841663146,18,18,1
36,280.24605285144105,59.2083667964945,3505.630698708233,3.568292897706223,17,19,1
34,304.94901240396547,55.53000864892343,3083.5818605495106,3.279236722614145,16,18,1
38,271.8932062972955,49.69930749925659,2470.0211659056627,3.677914625445156,18,20,1
35,288.3140051955062,57.02258065874567,3251.5747049831557,3.4684405959464177,17,18,1
35,289.6234626399677,60.77089959210628,3693.1022372338634,3.452758940469905,17,18,1
37,277.21031460961245,50.13258362616653,2513.2759410345807,3.607369377320148,18,19,1
38,270.5646465027149,67.11843761036799,4504.884667256861,3.6959743740576463,19,19,1
34,301.5675642480629,50.24245086713734,2524.3038691367096,3.316006489270251,16,18,1
37,276.4789250113973,68.5408376250165,4697.846422338876,3.6169122111523584,19,18,1
36,282.57279275522046,63.902565748712405,4083.537909268512,3.5389111253405527,18,18,1
36,281.77219998546565,53.41766767896199,2853.4472202600205,3.5489661508537105,18,18,1
36,283.5994379070779,59.82116179281122,3578.5713982416964,3.5261000775595774,18,18,1
36,281.3016459148227,66.40159167352303,4409.171376777283,3.5549027690467088,17,19,1
36,276.74484686323757,54.92007271751327,3016.2143872969455,3.6134367498961324,18,18,1
35,293.7912418196066,54.047292845465265,2921.109863923481,3.403777436680767,17,18,1
36,282.70695125863506,55.29505580624369,3057.543196615604,3.5372317360712784,16,20,1
34,292.9901145165377,64.13689937756166,4113.541861767469,3.413084436825105,18,16,1
36,283.2752484358388,60.46250528261861,3655.714545050683,3.530135461963941,17,19,1
36,277.58243858021564,48.44634954440236,2347.0487841784147,3.6025333775249635,18,18,1
38,265.2553611873496,48.256401754271906,2328.6803102696967,3.769952077589493,18,20,1
37,276.9792006033082,59.94881175623867,3593.86003098494,3.6103793996871554,18,19,1
35,286.086194305807,74.10470484038844,5491.507279481089,3.495450042343067,17,18,1
35,291.30393069853983,59.10178951759287,3493.0215241818505,3.432840736484482,16,19,1
37,272.73345101566156,59.90392349968333,3588.4800506559127,3.6665836048933196,17,20,1
37,274.10179118116844,52.384997255502576,2744.187937459012,3.64827969817624,18,19,1
36,284.20607334189447,54.224422673942286,2940.2880143223465,3.518573647076919,17,19,1
36,287.10770727880646,68.43235188578936,4682.986784620499,3.483013428925171,19,17,1
35,288.26870043468995,63.96343951528894,4091.3215946260266,3.4689857015071937,17,18,1
36,276.57681757253704,68.72202681974021,4722.716970213092,3.6156320286595705,18,18,1
38,267.2228111157068,54.64270629285909,2985.8253510076624,3.742195495305236,18,20,1
36,283.72906261943683,58.22713800919352,3390.3996007416686,3.524489140336289,17,19,1
36,278.62515394954613,62.619859588328445,3921.24681486197,3.5890514040992922,17,19,1
37,272.29869465444403,58.04108437146501,3368.7674750155197,3.6724377297108703,19,18,1
36,275.7881652072773,55.15059876966155,3041.588544652194,3.625971401812759,17,19,1
35,292.41780378181295,55.565680119895184,3087.544807186515,3.4197644160755285,17,18,1
36,283.28337496868426,70.44573089476752,4962.601001298004,3.53003419318393,17,19,1
36,281.7289541132919,59.75609690057783,3570.7911167912475,3.5495109231757174,18,18,1
35,285.23071534567407,50.245154667561486,2524.5755675671758,3.505933779915987,17,18,1
37,275.4758256722673,65.77957303322067,4326.952228432811,3.6300825945783597,18,19,1
37,270.68929694694964,58.73731100831262,3450.0717044872436,3.694272404852352,18,19,1
37,269.34993947611343,73.0643353645362,5338.397102261416,3.7126423787026033,18,19,1
37,276.1202632014517,54.38125621869214,2957.3210279230425,3.621610338935613,18,19,1
36,286.01491034926,59.25650088566282,3511.332897212558,3.496321218984265,17,19,1
40,254.9777756398567,67.12026049085449,4505.129368360162,3.9219104390197903,19,21,1
36,280.7277235998756,54.39847159861934,2959.1937122657946,3.5621704446451865,17,19,1
36,283.6429749480244,52.47822621638024,2753.964226817579,3.525558847996299,18,18,1
37,274.0776768871298,81.13513543626183,6582.91020226055,3.6486006863368816,19,18,1
35,284.74166382862126,69.94042503017157,4891.66305340105,3.511955316106724,16,19,1
37,274.6235039633711,49.91933412894606,2491.939919877359,3.64134892158895,17,20,1
37,270.31085463189333,68.25794806211417,4659.147473650276,3.6994444835069245,18,19,1
33,308.4917958074155,55.30890045109665,3059.0744691093187,3.241577291813224,15,18,1
36,276.18862188099484,54.92530787135683,3016.7894447633325,3.6207139642084303,18,18,1
35,289.2023375236592,58.410578686562154,3411.795702499069,3.4577867127999666,17,18,1
36,283.3257767017314,64.26778373470476,4130.348026170783,3.529505898267565,16,20,1
35,287.3681694537379,67.3975921361051,4542.435425744776,3.4798565265628194,17,18,1
38,262.4177449119747,69.52374694867709,4833.551389783686,3.8107179083313882,19,19,1
38,267.2913772449314,47.54828467699013,2260.839375724094,3.741235539684671,19,19,1
36,279.9199022259768,60.610287667575676,3673.6069711462765,3.5724505190513716,17,19,1
34,294.2671670256501,48.428888559735334,2345.357247131264,3.3982724274259044,16,18,1
39,265.28680628488274,49.87779299615296,2487.7942341670855,3.7695052158988,18,21,1
38,272.06592155951114,71.25652854623935,5077.492860461023,3.6755797795912564,18,20,1
35,290.45312083573936,66.48396032230748,4420.116980138155,3.442896385904328,18,17,1
33,304.91198872180814,64.37131468532777,4143.666154317495,3.279634901179198,15,18,1
38,270.3356979180632,61.45746738239677,3777.020297058363,3.699104512283438,18,20,1
37,276.9732981380512,64.8066467992648,4199.901469364658,3.6104563390134894,18,19,1
36,285.8934668585005,52.09217342508429,2713.5945321490576,3.4978064066603447,17,19,1
36,280.48880619965166,55.49346892779984,3079.5250936406865,3.56520466377614,17,19,1
38,264.65976405095694,58.07776565367786,3373.0268633235232,3.7784360746556946,18,20,1
37,277.15457925393065,56.67206115844833,3211.722515946908,3.6080948137024795,18,19,1
36,287.41087510489365,55.464629449285574,3076.3251199465567,3.479339463529483,19,17,1
37,271.39911067338886,57.31550726068292,3285.0673725493966,3.6846104525502104,17,20,1
38,266.34277607880216,57.68611273827307,3327.6876028527504,3.7545602502248174,19,19,1
36,282.3736248124031,48.4976324164467,2352.0203500007815,3.5414072424942558,17,19,1
37,276.17480465382016,65.47799744857912,4287.3681498761325,3.6208951111723637,17,20,1
39,259.85591489708526,63.76976822141748,4066.583339013306,3.848286464427971,19,20,1
35,288.2605655122027,63.52150355676548,4034.981414112169,3.4690835988027917,17,18,1
37,279.3997076861735,58.14275735147474,3380.58023243247,3.57910181181441,18,19,1
36,285.1166769281997,62.95946328491011,3963.894017123944,3.5073360519413876,18,18,1
36,283.7274266615688,56.994957083708805,3248.4251329738086,3.5245094623608733,17,19,1
36,280.09611747370917,62.5377033257131,3910.9643372549076,3.5702030039522543,17,19,1
39,262.97600448554005,55.08571883573185,3034.436419649303,3.802628311873169,18,21,1
37,277.0515848090338,65.40706646445885,4278.084343486137,3.609436129698664,17,20,1
37,278.06958934117597,52.39570633622296,2745.310042471715,3.5962220909135643,18,19,1
36,279.2652158759824,59.94129294841914,3592.9586003282025,3.580825477542056,18,18,1
37,275.22297188637646,66.66509176434445,4444.234459948467,3.633417636420414,19,18,1
36,281.01645141210554,55.956926348187864,3131.177606336521,3.5585105248287334,18,18,1
37,271.9874387084973,55.39246438254367,3068.3251103713696,3.6766403799689833,18,19,1
36,277.24790588932416,51.18521853144571,2619.9265961118535,3.606880264044968,17,19,1
36,277.7408859182773,61.33207731203196,3761.623707409066,3.600478182006811,17,19,1
38,268.6672127496628,60.019083942364816,3602.290437280634,3.7220768018752417,19,19,1
36,277.9790079160918,57.972812449504204,3360.8469833053896,3.5973939453077364,17,19,1
36,284.65729176857377,72.59688090486232,5270.307117114762,3.512996255205714,18,18,1
38,269.71678216778014,55.45270606777777,3075.002610239357,3.707592801466612,19,19,1
35,291.31483311716465,69.11782438013755,4777.273647043536,3.4327122628795474,17,18,1
35,289.5785195637616,70.57463204969063,4980.77868894922,3.4532948144995697,16,19,1
35,295.1426009668384,48.4007778839109,2342.635299767678,3.3881926794849853,16,19,1
38,264.87651999508165,56.78554367979181,3224.5979710095435,3.775344073602932,17,21,1
39,259.3177876663937,57.09576445467098,3259.9263186632697,3.8562722943112435,19,20,1
38,265.9847234552043,55.333777013443274,3061.8268785734635,3.7596144132255573,18,20,1
35,284.1291345788457,70.45648353666476,4964.1160723523135,3.5195264346342507,17,18,1
36,282.6951401750367,59.5830823755027,3550.14370536594,3.5373795226222446,18,18,1
35,293.65927409995305,62.979492025100456,3966.4164157396917,3.4053070622916173,15,20,1
35,288.85923667332764,53.90612121140546,2905.8699040587376,3.4618937982270754,17,18,1
37,276.91436462709805,56.976129399306465,3246.2793213265145,3.6112247241006536,17,20,1
34,300.45372106003964,57.62347003352327,3320.4642987043544,3.3282996012559622,16,18,1
37,278.6573901671425,54.79746847950781,3002.7625517626525,3.5886362080696523,18,19,1
35,290.2784650881272,56.069944032851964,3143.838623847151,3.444967919671219,19,16,1
37,277.3749230108532,60.17464342603399,3620.987711450335,3.605228580670473,18,19,1
36,280.5341215109359,57.63325106246955,3321.591628029647,3.564628768201438,17,19,1
37,271.7464906310751,63.18851994439371,3992.789052763042,3.679900327977397,17,20,1
35,290.52130240600104,45.050206444869445,2029.5211007253567,3.4420883829114484,17,18,1
39,263.81708425069814,52.2440626085226,2729.4420778432286,3.7905050874177935,19,20,1
36,277.54829401622294,63.122973973073805,3984.509843205353,3.6029765686167363,17,19,1
34,293.21323691846527,50.804800917906455,2581.127796308109,3.4104872293950126,16,18,1
37,273.3128102075103,57.80653784049827,3341.5958171049588,3.6588113057736256,18,19,1
36,283.030731778634,71.62717814815868,5130.45264946806,3.5331852259143615,16,20,1
37,274.3589681242806,60.50277200155965,3660.58541987271,3.64485989591204,17,20,1
36,278.7711178424962,51.75913905201213,2679.008475405527,3.587172185337339,18,18,1
35,288.06300039905744,56.7053149549265,3215.492744137411,3.471462834916969,17,18,1
36,280.6709198667485,62.313392337342215,3882.9588645875397,3.5628913764018044,19,17,1
35,291.5887801078693,62.254599378219616,3875.635143742622,3.4294872375749974,17,18,1
34,295.65916385894195,45.26862144169757,2049.248087231721,3.382272975909168,17,17,1
34,293.2949330469927,54.9089951900026,3014.9977527757283,3.4095372518412264,17,17,1
35,293.49409814736345,50.44955172317938,2545.157269069752,3.407223539799767,17,18,1
35,288.0051944088867,70.01853172089982,4902.594784350653,3.4721595978587803,17,18,1
38,268.23428957861995,58.843375579735216,3462.5428496177788,3.7280841370838167,19,19,1
37,272.57213881734776,59.795732327051766,3575.5296045284235,3.6687535429661287,19,18,1
35,285.3658701662962,61.425052475598896,3773.0370716300777,3.5042733015593375,18,17,1
37,271.3704138111103,63.23759794732152,3998.993794147083,3.685000092515828,18,19,1
37,273.7834462970306,65.20475678080184,4251.660306843523,3.652521777796198,18,19,1
37,277.53235387599085,58.62170822864848,3436.504675644793,3.603183506478051,17,20,1
38,268.4699590649934,65.0085576572078,4226.112568670511,3.7248115337847234,19,19,1
37,279.02002949984757,48.66522316166742,2368.303945374891,3.5839720961700574,18,19,1
37,272.0832613088087,56.59129125678603,3202.574246110387,3.675345536471725,18,19,1
36,286.003099201656,43.49526313875051,1891.8379155091488,3.496465607510486,18,18,1
36,279.3663058195408,53.14822374697751,2824.733687458784,3.579529739874783,17,19,1
34,301.1542729696582,57.600526246473684,3317.820623870704,3.320557235130951,16,18,1
35,285.498634879955,67.42864365962538,4546.621985776738,3.5026437181406314,17,18,1
36,280.765252602238,54.98372035463181,3023.209504036352,3.5616943006003194,18,18,1
35,289.5181796556111,55.0494664189165,3030.4437530074156,3.454014532660865,17,18,1
36,281.9717434174386,54.907161634441294,3014.7963987506623,3.546454647831762,18,18,1
39,263.79495507385195,50.47582134234407,2547.8085401842372,3.7908230645276757,19,20,1
36,283.8160173266937,51.67343450348577,2670.143833386034,3.5234093178360837,18,18,1
37,271.6478648172858,60.09587000784167,3611.513591999404,3.6812363707427416,19,18,1
37,272.0107439674805,68.95574485411106,4754.894748385264,3.6763253738225585,18,19,1
35,294.9484223112347,56.46106517756023,3187.851880984704,3.3904232888039747,16,19,1
37,277.812522826179,58.50884553669868,3423.2850060372652,3.5995497604896567,18,19,1
34,302.08089551126983,60.55626084497409,3667.0607275245425,3.310371542389355,16,18,1
37,273.09624040382545,57.05493207530033,3255.2652741171346,3.6617128032275623,18,19,1
36,279.4219301417152,62.22123580473672,3871.482185068651,3.5788171654702516,17,19,1
36,286.7408329008355,59.33253647536193,3520.3498846001535,3.4874698168496745,17,19,1
38,269.0906309274279,61.19140845534461,3744.38846874882,3.7162200577310096,18,20,1
34,294.4427823431392,60.360513598751716,3643.391601905091,3.39624558646717,17,17,1
38,269.52790502907976,68.90593672898905,4748.028116499442,3.7101909722190305,19,19,1
37,275.13894489149067,57.50431359472005,3306.746081999905,3.634527276370781,18,19,1
35,288.03201902696935,72.53103657505153,5260.751266651463,3.471836233270881,16,19,1
37,275.17904122589425,58.862952086988294,3464.8471283950794,3.6339976894501236,18,19,1
35,286.1989818432056,62.25304038948915,3875.4410377353674,3.494072528000295,16,19,1
37,276.3092588895055,54.08543448844038,2925.234223803376,3.6191331554325306,18,19,1
36,281.6548828488709,64.78064225169524,4196.5316105421225,3.5504443945201385,17,19,1
37,272.63643437749323,61.595005550961965,3793.9447088230354,3.667888344722837,17,20,1
34,302.6045732040837,54.88414822167343,3012.2697260186183,3.304642720404547,16,18,1
40,249.4200434783325,53.78669330613624,2893.0083768083614,4.009300880772525,19,21,1
36,280.6384493059653,64.34072176058244,4139.728476672686,3.563303611721973,17,19,1
40,253.13984795909963,51.97947108356808,2701.86541412749,3.950385559849006,19,21,1
34,301.2630191738985,54.708075972555434,2992.973576618897,3.3193586213871424,17,17,1
37,278.64193027512476,63.65948539014258,4052.5300801377766,3.588835316395571,18,19,1
35,295.6404382217198,60.20087404184797,3624.1452354024445,3.382487206469487,18,17,1
37,277.1919482005217,61.68052186975498,3804.486778125323,3.607608397328324,18,19,1
35,286.8771088003549,54.86629865129972,3010.310727693614,3.4858131559598418,17,18,1
37,271.905496318242,52.857559421105705,2793.9215879557205,3.6777483851580035,18,19,1
36,286.83477618981595,65.69153025269173,4315.377146940313,3.486327610910887,17,19,1
36,283.80618939499607,52.816618675840886,2789.595208349184,3.5235313300663043,17,19,1
36,283.74512600498787,59.23204272378291,3508.434885232044,3.524289611876615,16,20,1
37,271.4395850187762,63.127761808129414,3985.1143109039226,3.684061040436778,17,20,1
39,266.6023817233415,56.797120256825735,3225.9128694683245,3.750904224995707,20,19,1
37,274.73543581193616,65.24770078399497,4257.262457597738,3.639865374645472,18,19,1
35,290.7589637538659,65.10992902259565,4239.302857327444,3.439274879403281,16,19,1
36,283.504507546301,54.473708425777296,2967.3849096566005,3.527280778196034,19,17,1
37,270.32913909711783,58.94709568763225,3474.760090006873,3.6991942612621656,19,18,1
35,288.3243124411151,60.768351658203315,3692.792563255062,3.4683166033881774,17,18,1
37,274.80863529883175,56.18481955172896,3156.733948060344,3.6388958407823773,19,18,1
37,275.0185605430784,60.54772395229759,3666.026875803631,3.6361182242584014,18,19,1
35,285.7420599436236,57.57240095652299,3314.5813518986492,3.499659798761506,16,19,1
35,295.240923443036,53.724881949154174,2886.362940450552,3.387064328136545,16,19,1
37,269.9670390674059,63.83893585304057,4075.4097308486284,3.704155897899514,18,19,1
38,274.2307194545231,75.58230185531745,5712.684353748325,3.646564476762912,18,20,1
39,265.72713404021954,60.99029585758871,3719.816188796203,3.763258891915206,19,20,1
37,272.7141199133384,62.500264822565995,3906.283102890881,3.666843507471394,19,18,1
39,256.91821482192194,53.00971248213059,2810.0296174381515,3.8922892278896275,18,21,1
35,291.5118798439468,56.02354166907181,3138.6372211462253,3.4303919296027443,17,18,1
35,284.8412301884228,60.127838675321165,3615.3569837654477,3.51072771079699,17,18,1
39,264.26291674798125,60.913141404723625,3710.410795791856,3.7841102047385133,19,20,1
37,278.12151644483026,47.23281193671061,2230.938523448672,3.5955506527606813,17,20,1
36,281.2011630829015,50.231322034366066,2523.18571332019,3.5561730578802337,16,20,1
35,290.9708810740286,76.99345912674528,5927.992748301796,3.436770017359849,15,20,1
35,285.16126288976625,56.63622458089375,3207.6619347774335,3.506787667673384,16,19,1
35,288.9868187755455,49.305984849089526,2431.080141938646,3.4603654389396032,17,18,1
37,277.73192823746865,59.92683811012389,3591.2259258769973,3.600594308137924,17,20,1
39,258.15737359743997,59.75048511743436,3570.1204717687447,3.8736061886009074,19,20,1
34,295.5141876447759,53.77457000236327,2891.7043789390673,3.383932284165166,16,18,1
38,264.25887988815674,60.894076399329414,3708.088540527368,3.7841680113956198,19,19,1
34,303.0314102934366,62.192901688338964,3867.9570204153956,3.2999879419485354,17,17,1
37,273.36230991426913,76.25734891546621,5815.183263615156,3.658148778131178,17,20,1
40,248.66868287859165,58.13572562642205,3379.7625941106257,4.02141511518052,18,22,1
36,284.52841376994394,70.52406913428501,4973.6443272574115,3.514587477398838,17,19,1
36,284.2176899806317,64.24411499233806,4127.3063111487545,3.5184298347796226,19,17,1
37,275.0986764985835,58.532950577195,3426.1063032723528,3.6350592911890987,17,20,1
35,292.2379242480398,58.77553008360028,3454.5629366082017,3.421869364057076,18,17,1
36,278.59817567000204,50.41366853331075,2541.5379749865265,3.5893989527931955,17,19,1
39,263.24872012606437,66.37153414323762,4405.180544526958,3.798688933876376,18,21,1
35,289.2556949992732,56.89579894368863,3237.1319374406403,3.4571488730844613,17,18,1
34,305.378444257703,65.9940469366501,4355.214231076776,3.2746253666683796,16,18,1
38,262.9914455272453,61.53606049440014,3786.6867411704734,3.802405047796136,20,18,1
38,268.51699409482353,60.13708062716182,3616.4684663577614,3.724159073696699,18,20,1
36,284.27333365299944,55.598215116128195,3091.161524099266,3.517741137199517,17,19,1
35,294.1783979367081,37.76946617600935,1426.5325752207148,3.399297864879759,17,18,1
37,276.0950670636718,64.76062419627044,4193.938446290568,3.6219408431856714,18,19,1
37,278.517801892723,64.95131028488453,4218.672707723346,3.5904347700732284,19,18,1
32,316.9263960746936,63.531086465243064,4036.19894745419,3.155306760135936,16,16,1
35,294.6081192633723,64.91829958371605,4214.385620841108,3.394339580661811,15,20,1
35,287.9153691570673,55.022644479101075,3027.491405473552,3.473242859273925,17,18,1
35,286.4869988430659,57.77897493821132,3338.409944910452,3.4905597951681844,16,19,1
37,276.0505149620784,55.95364853796823,3130.8107847104743,3.622525392272396,18,19,1
36,279.54820884126946,60.41698325396181,3650.2118655095014,3.5772005270397242,18,18,1
37,278.24838143798456,57.33414227201897,3287.2038700681132,3.5939112918896816,18,19,1
36,277.93398922387286,57.56630321867133,3313.879266264009,3.5979766375191726,18,18,1
38,262.68365263710757,61.14673530511493,3738.923238473789,3.806860419218705,17,21,1
36,275.19072452439974,79.29964819808117,6288.434204339438,3.633843407070703,19,17,1
38,267.4596365917607,58.245072940837716,3392.4885218835057,3.738881921560218,17,21,1
36,282.6794060130691,61.43374561843306,3774.1051007103433,3.5375764159974463,18,18,1
38,263.7973186428831,46.53567828952459,2165.5693538661303,3.7907890995425726,19,19,1
35,290.397727038938,59.8425820852765,3581.134630633055,3.4435531234923022,17,18,1
37,267.8425354696806,56.21296107244764,3159.8969925325137,3.733536938957175,19,18,1
37,276.4105389408966,72.32593938540933,5231.041507981905,3.617807062753945,17,20,1
35,289.0388080738033,59.486108991747464,3538.5971629780583,3.459743024350763,15,20,1
36,279.83914444330526,53.350253824336356,2846.2495831211163,3.573481479831345,18,18,1
37,273.8062685477854,62.80124541230786,3943.996425336919,3.6522173334591765,16,21,1
34,296.7823078295083,58.77628913399763,3454.652164363288,3.3694730906077703,16,18,1
38,270.74648958627427,66.55755704830823,4429.9084002388045,3.693492024691041,19,19,1
37,269.225972257351,64.97819613004057,4222.165972314019,3.714351894118551,18,19,1
35,287.684146788039,51.941082438083555,2697.8760448397916,3.476034432779446,16,19,1
36,275.6529672436897,50.32251041815123,2532.3550547849395,3.627749811653414,18,18,1
38,268.02792975530997,51.04321255503404,2605.4095479383845,3.7309544602792974,17,21,1
36,287.2716972069784,60.35424753066686,3642.635194993007,3.481025140041913,17,19,1
36,285.0251887415776,52.58157739337339,2764.822281175315,3.5084618465305715,17,19,1
35,285.5369232516828,56.932336479284174,3241.290936990432,3.5021740397425343,17,18,1
36,276.7755781463238,59.96323317388586,3595.589332665806,3.6130355383860016,17,19,1
37,273.47523867460836,64.2370945678894,4126.404318523966,3.6566381835755135,17,20,1
34,297.24946150611197,69.69289042824187,4857.098976242926,3.3641776672468025,17,17,1
35,290.2867676517243,57.737794907143986,3333.6529607394223,3.4448693892921924,17,18,1
37,274.70412548689757,58.80632622659997,3458.1840042692997,3.640280240522622,17,20,1
37,270.6104438439843,55.76356751612038,3109.5754621249166,3.6953488778745456,18,19,1
35,295.10927527617406,56.23713299440327,3162.6151274302006,3.3885752966055147,16,19,1
35,285.7996323461109,65.43676936150865,4281.970784471277,3.498954815970419,17,18,1
37,272.51857689143986,44.25100686028998,1958.1516081494312,3.6694746149300443,18,19,1
35,289.6806283718522,66.39761848683281,4408.643740723002,3.4520775711530747,18,17,1
35,290.19771111809945,56.47354918240831,3189.2617572578906,3.4459265586455228,17,18,1
36,282.2284980526374,83.57245670108767,6984.355519055175,3.5432282951578253,17,19,1
37,273.8500656011038,62.95724608304469,3963.6148343610453,3.6516332315093276,17,20,1
35,288.5479110295303,59.13708996074669,3497.1954090254476,3.465628971050353,18,17,1
36,285.27313113743725,52.24440208427739,2729.4775491436476,3.5054125006894736,17,19,1
37,271.7482915765481,63.87611796417482,4080.1584461731763,3.6798759403361783,19,18,1
36,283.6121791839653,54.43282382411779,2962.932309467445,3.5259416675168564,16,20,1
37,274.0963640069142,58.52891675048627,3425.634095985352,3.648351934996024,18,19,1
36,284.2120951587202,54.900319806551074,3014.0451148615844,3.518499096393287,18,18,1
33,304.055854519931,46.540420594119745,2166.0107490775654,3.288869413742696,16,17,1
35,286.7135961871392,55.508725931265495,3081.2186545123463,3.487801113370625,17,18,1
35,285.03581421875714,56.47565373052852,3189.49946429056,3.50833105917184,17,18,1
35,284.76872801154695,70.53646591695254,4975.393024053407,3.5116215427961297,17,18,1
36,287.79782904877,53.808222588789825,2895.324818164752,3.474661373594103,17,19,1
36,286.8046421587371,71.07664689309253,5051.889733565361,3.486693912877924,17,19,1
34,301.19503081345255,65.70804093493693,4317.546643507347,3.3201078958681682,16,18,1
36,280.29061037930325,62.90665807420211,3957.2476300645776,3.5677256496275422,18,18,1
35,295.8362106472275,56.06785481656684,3143.604343731618,3.3802488133964737,18,17,1
36,280.17404712676466,45.78393108910304,2096.168345971736,3.5692099616476978,18,18,1
36,278.9410831796799,50.9556063215774,2596.4738155995788,3.5849864372823492,18,18,1
37,274.425551129424,55.24787558083904,3052.3277561958707,3.6439755550618615,18,19,1
36,282.2561827366991,56.79375314047773,3225.5303957815245,3.5428807628027896,18,18,1
36,283.9740223885957,55.39648805782403,3068.77088914064,3.5214488691207824,18,18,1
37,279.82658757492914,54.26747604847864,2944.9589566722034,3.5736418353464363,17,20,1
37,274.1665618544517,59.86949681301941,3584.3566486441414,3.6474178077590493,18,19,1
37,275.74673518521394,55.56513861313627,3087.484629097047,3.626516191853799,17,20,1
36,287.5028033214658,63.08574154533947,3979.8107863253704,3.478226954475532,17,19,1
38,268.83877810921547,52.271230083719445,2732.281494465137,3.719701476971269,17,21,1
37,273.25534329981406,60.72700146559153,3687.768707001955,3.659580771318372,18,19,1
36,279.51920325115526,55.703897485765715,3102.924195104696,3.5775717316333147,16,20,1
36,278.9574883669667,57.3455155394798,3288.5081524887187,3.58477560811885,17,19,1
35,292.74051310983157,55.813141758987605,3115.106793008846,3.4159945590613074,16,19,1
38,269.59176873466953,67.30470854840702,4529.923792786012,3.7093120635452097,18,20,1
36,280.2835891164141,65.01550153077112,4227.015439297701,3.5678150231787424,17,19,1
34,298.5916756267721,61.67343056058833,3803.6120371117104,3.3490551868229606,16,18,1
36,282.6074949082242,48.192983780451854,2322.5636856628953,3.538476572692265,16,20,1
36,282.58610130968043,62.10681150469388,3857.256035279576,3.5387444582920944,16,20,1
37,270.1284234311555,57.11145541978277,3261.718340165835,3.7019429029276454,19,18,1
35,288.8432347033208,56.590306478068975,3202.4627872817755,3.4620855878003476,17,18,1
36,285.12126830041274,63.288398007548906,4005.4213223619204,3.507279572516381,16,20,1
35,287.5270342611186,61.410676744556916,3771.271218224464,3.4779338317517885,17,18,1
36,284.6796172765461,69.6338127180962,4848.867873658896,3.512720754533581,18,18,1
36,282.6624591367852,53.08675177993727,2818.2032145446733,3.5377885094959955,18,18,1
35,289.65025065456933,69.05980039382112,4769.256030434416,3.4524396155022785,17,18,1
37,275.29026275037035,49.49731630937867,2449.9843218306837,3.632529498171125,17,20,1
36,283.1850519021723,64.91699533799222,4214.216283712903,3.5312598362199394,18,18,1
37,271.37376462434923,50.16254678669957,2516.2811001278237,3.6849545916284723,18,19,1
35,288.92658458960585,49.421560751172024,2442.4906670817873,3.4610868412140396,17,18,1
37,276.58657764247823,58.12895017936625,3378.9748489552435,3.61550444176876,18,19,1
36,281.3159823445385,63.00422261439867,3969.532067244705,3.5547216040333662,17,19,1
38,267.75715841809597,61.94876316769525,3837.649258007195,3.7347274146020237,17,21,1
35,290.17160852434216,59.81861493600639,3578.266692862207,3.446236539423915,17,18,1
38,263.6155008588281,52.13417912947798,2717.9726335044975,3.7934036380338725,19,19,1
35,288.93067119418674,57.4034837981264,3295.15995216176,3.4610378879710986,18,17,1
34,295.3399250299669,63.37251957021445,4016.0762366772133,3.385928942382356,17,17,1
37,272.27040370120204,68.24153679147389,4656.907343662084,3.6728193237537154,18,19,1
37,272.8151361708955,55.84820309598008,3119.0217890498393,3.6654857719242706,17,20,1
37,273.6591363047806,50.107650844062,2510.776673110427,3.6541809402127052,18,19,1
38,268.54215088567753,60.58558999511789,3670.6137150565296,3.7238101977730684,17,21,1
35,296.64218863201245,55.54101938302816,3084.8048341059093,3.3710646641719255,17,18,1
36,280.565685972487,63.56381171789935,4040.3581601085584,3.5642277370229176,18,18,1
36,285.1672440191571,68.07399768297601,4634.069160541824,3.5067141159200648,16,20,1
38,267.09487818169856,57.4579180588689,3301.412347659693,3.7439879297113396,18,20,1
36,280.13406346787497,49.575376488196866,2457.7179539464623,3.569719396565557,18,18,1
36,280.182943061205,51.74916963102205,2677.9765575002943,3.5690966376263438,18,18,1
37,275.9570637051961,75.06623579747537,5634.939756802173,3.623752139457087,18,19,1
36,286.4309020935795,53.14907575012657,2824.8242530926923,3.4912434122533718,16,20,1
37,282.97568450322734,62.66747527050517,3927.2124567793776,3.5338725366298918,18,19,1
37,273.63577608970047,56.409358049702995,3182.0156755795924,3.6544928966897596,17,20,1
37,276.5251351910676,54.55443611377921,2976.1864996924173,3.616307788111344,18,19,1
35,285.80454674852245,47.74351891333262,2279.4435982277496,3.4988946515252377,17,18,1
34,295.93839797770863,61.614342984796124,3796.327261448095,3.379081615746681,16,18,1
35,295.0434213284361,61.166633190234194,3741.357015828659,3.3893316295529976,17,18,1
35,292.2393280347861,71.11204019879101,5056.922261234467,3.4218529269303786,16,19,1
35,290.68077207478353,56.678273322180175,3212.426666783761,3.440200027206236,17,18,1
36,281.11836415459095,57.39950271941145,3294.7029124357223,3.5572204719080034,18,18,1
35,288.25419663040117,49.161596233905435,2416.8625442655452,3.4691602470655356,17,18,1
38,270.81390948324895,64.22502372831059,4124.853672902058,3.6925725192924572,18,20,1
34,295.57052943844997,61.760129459788594,3814.3135908898466,3.383287237397737,17,17,1
35,289.6890095039243,68.96266764641341,4755.849528909675,3.4519776974364413,16,19,1
36,280.1657050979375,65.74281980174017,4322.11835548408,3.5693162360840347,17,19,1
36,282.822878575149,56.745649585492025,3220.0687468794513,3.535781847062594,18,18,1
34,293.29645133005204,68.06173255731797,4632.399438703877,3.40951960197664,16,18,1
36,282.54108335775834,56.56943660856505,3200.1011582104597,3.5393082949773467,17,19,1
38,266.6773157377005,54.764069249167996,2999.1032807276674,3.749850253418569,18,20,1
36,286.54216787458273,50.81234397491877,2581.8943002254637,3.489887744681586,17,19,1
36,284.31510363146066,58.52870050385282,3425.608782669701,3.5172243304254267,17,19,1
36,285.5266257812703,57.503185009155054,3306.6162861971143,3.502300345068544,18,18,1
34,304.02844135973,47.885542381671584,2293.0251691868652,3.2891659593675593,16,18,1
35,295.5109483250121,59.97939451175502,3597.5277659967483,3.3839693780149522,17,18,1
35,286.8600599263166,60.95889676775797,3715.9870951421735,3.486020327322186,17,18,1
37,277.5665903481962,53.922328504497266,2907.617511346918,3.6027390715342937,18,19,1
35,286.72619443713364,61.40458027223722,3770.5224784096245,3.4876478654595187,17,18,1
34,295.2493451127158,78.57667021729473,6174.293102437493,3.3869677157733755,17,17,1
36,278.86315395907087,60.444466173528355,3653.533491002813,3.585988273469687,17,19,1
37,274.03365455406566,60.56137639207045,3667.680310502028,3.6491868184121317,17,20,1
36,286.08243745236604,63.70943288275637,4058.891838242438,3.495495944823612,17,19,1
37,271.2873494383997,61.47157593277938,3778.754647659461,3.6861283877413777,18,19,1
35,290.6942361571164,60.41809030326815,3650.345635893865,3.4400406874923837,15,20,1
38,270.8849981308258,53.331294299134036,2844.2269516208466,3.691603473430607,18,20,1
38,269.3085676617749,70.32314698697346,4945.345002151474,3.7132127235398684,18,20,1
35,286.9179208301266,52.693736912459286,2776.6299097994743,3.485317323876966,18,17,1
36,282.4289461739166,56.62829250904804,3206.763512490306,3.5407135619314714,18,18,1
35,285.40064278691995,58.584653607753594,3432.161638340476,3.5038463481899016,16,19,1
36,285.2579053563932,46.920320109968294,2201.5164392218953,3.505599603806345,18,18,1
36,282.5177206475561,67.37551236080584,4539.4596658811015,3.5396009769153944,17,19,1
36,280.63157047960135,48.65909041637805,2367.707080149254,3.563390955233557,17,19,1
38,266.6446558665275,62.53645721707561,3910.808481263128,3.750309552427569,18,20,1
38,266.43440779875334,61.71306145336666,3808.50195394701,3.753268987522561,18,20,1
37,275.49567298149884,68.2233868606998,4654.430514744708,3.629821075509799,17,20,1
36,282.49836476227347,55.660483332081455,3098.089404760917,3.539843499064197,17,19,1
34,293.91653432081296,63.42118966438569,4022.247298445983,3.402326454041846,16,18,1
36,286.2587087477857,52.82361944515349,2790.334771286398,3.4933435016681753,17,19,1
35,288.57408503335864,56.02422961574243,3138.7143040374312,3.465314634487715,17,18,1
36,278.4461697649644,57.323771229600894,3286.014747983619,3.5913584332802895,17,19,1
37,268.6787866615751,70.72645402766403,5002.2312993272735,3.7219164654766335,17,20,1
35,285.38970777410543,62.466399118569974,3902.05101884048,3.503980601821598,16,19,1
36,284.77432783387957,63.93291435381651,4087.417537772437,3.511552490024103,18,18,1
37,277.72860816217155,59.001824845535744,3481.215335103279,3.6006373510361565,18,19,1
36,280.2055060718918,52.954330208953415,2804.161087878876,3.56880924296838,17,19,1
36,280.0881967164826,64.8645784057157,4207.413531751241,3.570303967547205,17,19,1
35,293.80461837965447,69.11117034491745,4776.353866444198,3.4036224669137076,16,19,1
38,265.0339894949237,54.97288568575913,3022.0181606195415,3.77310095926075,18,20,1
35,293.8853726896482,48.9925674660179,2400.271666912316,3.402687213888764,18,17,1
34,298.0533549648744,53.43051814587333,2854.8202693364988,3.3551039884045255,17,17,1
37,275.7974280374196,58.461410339924264,3417.736498933004,3.6258496212819002,19,18,1
36,284.50308349110713,55.711039220269534,3103.71989100241,3.514900393096293,17,19,1
35,288.5450355573007,47.42161081678457,2248.8091724585793,3.465663507495748,16,19,1
39,265.67511515140245,66.34491729672862,4401.648051109761,3.7639957337747716,19,20,1
35,288.01290685034223,55.746605216458946,3107.6839931597274,3.472066619985269,17,18,1
35,288.6570368672918,57.871362602779286,3349.094609502361,3.4643188014839335,16,19,1
37,271.5973925300334,53.599254456887344,2872.8800783341576,3.681920473111388,18,19,1
38,268.3822279050561,48.38703119286681,2341.3047876594655,3.726029133172573,18,20,1
36,278.5348868393646,53.057126506372484,2815.0586731132134,3.590214537745555,17,19,1
36,278.84177116013905,67.7205643803826,4586.074839997544,3.5862632626361393,18,18,1
37,277.09213632842597,56.180924199114976,3156.2962438667028,3.6089079006368516,18,19,1
36,278.9523282321874,58.34499178749817,3404.1380666832288,3.584841920256872,18,18,1
36,276.5908361641841,64.6422032199136,4178.614437124607,3.6154487757736153,17,19,1
36,277.32296110661383,49.62063144674365,2462.2070651735653,3.605904091062841,17,19,1
35,296.44380809016775,77.25038191691145,5967.621506308679,3.373320584573773,17,18,1
38,268.7682800115071,55.161864536279246,3042.831299118822,3.7206771571302455,18,20,1
35,289.0468893513194,49.696651021712086,2469.7571227738367,3.459646295603476,17,18,1
39,259.3484579443271,66.51314987051612,4423.999105697738,3.855816255574824,20,19,1
36,287.44315447314125,58.90760661212581,3470.106116768968,3.478948739735739,18,18,1
35,291.9474985329693,63.96073718218146,4090.97590088809,3.4252733968435463,16,19,1
37,269.6430207496411,67.16026011501863,4510.500538716962,3.7086070213123845,17,20,1
37,277.293959373014,70.30929404714902,4943.396829408466,3.6062812268290587,18,19,1
37,273.7086406551333,57.25045018831049,3277.6140467642203,3.6535200262821714,18,19,1
34,295.8489075539121,61.2349039863494,3749.7134662174294,3.3801037437252375,17,17,1
35,290.9484466342002,67.68423727549283,4581.155975565213,3.4370350196688513,16,19,1
39,259.49310102556393,69.08444929092536,4772.661133830438,3.8536669994224053,19,20,1
37,276.9788702428143,48.385714391353574,2341.1773571616404,3.6103837058882764,17,20,1
36,286.6503932903642,65.065495946927,4233.518762819574,3.488570130748239,18,18,1
35,291.6530684388238,46.48360532302361,2160.725563826629,3.4287312845801816,17,18,1
36,282.84766604917945,64.21752866294214,4123.890987575796,3.5354719873351454,17,19,1
36,282.68443307718314,61.18563019665946,3743.681342562366,3.5375135061892977,17,19,1
37,272.9332890403567,61.307438543875875,3758.602020811117,3.6638989824804296,17,20,1
35,288.5575673425833,62.960296434723766,3963.99892714829,3.4655129969708023,16,19,1
36,282.3615052828476,51.5326438194313,2655.613379020371,3.54155924688912,18,18,1
37,283.053679128691,60.78467858872071,3694.7771511340816,3.532898788237788,17,20,1
37,273.33129356654763,65.04477331915093,4230.822536139729,3.6585638876235413,18,19,1
39,258.736170134031,52.08744459769648,2713.101884718101,3.864940875804021,17,22,1
37,277.7873296106258,64.70263623400086,4186.431135629442,3.5998762125029202,18,19,1
37,274.90723879101995,51.45326691282236,2647.4386760021403,3.6375906447490234,18,19,1
40,254.53534154013565,60.2810741155949,3633.807896529845,3.9287275155945998,19,21,1
36,283.2314061373288,56.269949763475715,3166.3072463840804,3.530681902963599,16,20,1
35,291.69427451647107,61.06713954691946,3729.195532442934,3.42824692619578,17,18,1
36,288.13544136109704,63.243885942168404,3999.7891090660064,3.470590064437024,18,18,1
34,298.18557741795695,46.59102164083616,2170.7232975368634,3.35361625689338,16,18,1
36,284.1694108082911,70.14273217192913,4920.002876542981,3.5190276010201145,17,19,1
35,287.4014825608276,55.53692415228228,3084.3499442963553,3.4794531715345385,17,18,1
38,266.7507563317466,51.21474267266952,2622.9498670277567,3.7488178618558163,18,20,1
36,281.476330968741,62.011601790770705,3845.4387566571168,3.552696585742599,18,18,1
37,274.03328347743206,52.64523083883602,2771.520330074331,3.649191759884725,17,20,1
38,270.22895071031536,65.61443211625392,4305.253701938494,3.7005657512691785,18,20,1
38,263.9241248622356,57.425095505880876,3297.6415938595396,3.788967759283032,19,19,1
36,277.86363598832935,62.31271443011056,3882.874379648509,3.5988876214158565,17,19,1
37,277.78528583706367,56.66092031830311,3210.4598913170944,3.599902698181627,18,19,1
37,271.7154859059059,65.77407128381252,4326.22845324805,3.680320231531803,19,18,1
38,263.9453545130041,57.36704940507488,3290.9783574443018,3.7886630050567227,18,20,1
35,288.44278211006576,47.692906344542244,2274.613315589278,3.466892090988132,17,18,1
37,269.4465897156634,57.34612453368229,3288.577999032598,3.7113106573561074,18,19,1
39,260.02827493499234,57.98944793587615,3362.776071907691,3.845735623366352,19,20,1
37,275.13616865377753,57.84401099763966,3345.9296082950573,3.634563950253911,18,19,1
35,286.8701638531616,50.3352222567184,2533.6345996332398,3.48589754531553,17,18,1
36,282.4850774096155,64.10670462510359,4109.669577890279,3.5400100039619335,17,19,1
38,265.933439776623,58.0203219834623,3366.3577630646387,3.7603394324533737,19,19,1
37,280.37958286876426,59.31302543373845,3518.0349861033046,3.566593507873448,18,19,1
35,288.77245490306086,57.416954086943896,3296.7066166222235,3.4629341650182455,17,18,1
36,287.4465254616221,50.59524876983777,2559.87919808177,3.4789079408563355,18,18,1
36,281.81178099025624,60.03857487440538,3604.630472949581,3.5484676917554965,18,18,1
40,253.24846554206712,59.09554184594939,3492.2830660663553,3.9486912501504965,20,20,1
38,267.85164644916637,66.34870230329643,4402.150297331454,3.7334099426183025,18,20,1
39,263.62482233717816,53.392254002001934,2850.7327874142916,3.793269507531398,19,20,1
